{
  "accuracy": 0.7645970632443057,
  "macro_avg": {
    "precision": 0.7613475906766038,
    "recall": 0.7600706406427745,
    "f1": 0.76047364939701
  },
  "per_class": {
    "negative": {
      "precision": 0.7919829942301853,
      "recall": 0.8180677540777918,
      "f1-score": 0.8048140719024842,
      "support": 3188.0
    },
    "neutral": {
      "precision": 0.7257142857142858,
      "recall": 0.6888802789616427,
      "f1-score": 0.706817730073544,
      "support": 2581.0
    },
    "positive": {
      "precision": 0.7663454920853406,
      "recall": 0.7732638888888889,
      "f1-score": 0.7697891462150017,
      "support": 2880.0
    },
    "accuracy": 0.7645970632443057,
    "macro avg": {
      "precision": 0.7613475906766038,
      "recall": 0.7600706406427745,
      "f1-score": 0.76047364939701,
      "support": 8649.0
    },
    "weighted avg": {
      "precision": 0.7636704097861235,
      "recall": 0.7645970632443057,
      "f1-score": 0.7639075689263661,
      "support": 8649.0
    }
  }
}