{
  "accuracy": 0.8719851576994434,
  "macro_avg": {
    "precision": 0.871044744102848,
    "recall": 0.870303095800311,
    "f1": 0.8706156238361729
  },
  "per_class": {
    "negative": {
      "precision": 0.8887147335423198,
      "recall": 0.8912291732159698,
      "f1-score": 0.8899701773661906,
      "support": 3181.0
    },
    "neutral": {
      "precision": 0.8628230616302187,
      "recall": 0.8433734939759037,
      "f1-score": 0.8529874213836478,
      "support": 2573.0
    },
    "positive": {
      "precision": 0.8615964371360055,
      "recall": 0.8763066202090593,
      "f1-score": 0.8688892727586802,
      "support": 2870.0
    },
    "accuracy": 0.8719851576994434,
    "macro avg": {
      "precision": 0.871044744102848,
      "recall": 0.870303095800311,
      "f1-score": 0.8706156238361729,
      "support": 8624.0
    },
    "weighted avg": {
      "precision": 0.8719651066272041,
      "recall": 0.8719851576994434,
      "f1-score": 0.8719206843969609,
      "support": 8624.0
    }
  }
}