model,accuracy,precision,recall,f1
Linear SVM,0.763556480517979,0.7603051854247478,0.7590692495125048,0.7594554671625371
Logistic Regression,0.7545380968898139,0.7517715366472388,0.7495677334779737,0.7501764367770751
